ID,Label,Count of Contributions
ALDERMAN MARIA HADDEN,ALDERMAN MARIA HADDEN,1
24TH WARD ORGANIZATION - ALD. MICHAEL SCOTT,24TH WARD ORGANIZATION - ALD. MICHAEL SCOTT,1
ALD. GILBERT VILLEGAS,ALD. GILBERT VILLEGAS,1
JASON ERVIN,JASON ERVIN,8
VILLEGAS FOR COMMITTEEPERSON,VILLEGAS FOR COMMITTEEPERSON,4
FRIENDS OF MICHAEL RODRIGUEZ,FRIENDS OF MICHAEL RODRIGUEZ,5
FRIENDS OF GILBERT VILLEGAS,FRIENDS OF GILBERT VILLEGAS,18
FRIENDS OF RODERICK SAWYER,FRIENDS OF RODERICK SAWYER,13
FRIENDS OF LESLIE A HAIRSTON,FRIENDS OF LESLIE A HAIRSTON,6
ALDERMAN RODERICK SAWYER,ALDERMAN RODERICK SAWYER,3
ALDERMAN BYRON SIGCHO LOPEZ,ALDERMAN BYRON SIGCHO LOPEZ,1
CITIZENS FOR JASON C. ERVIN,CITIZENS FOR JASON C. ERVIN,1
DEBRA SILVERSTEIN,DEBRA SILVERSTEIN,7
LESLIE HAIRSTON,LESLIE HAIRSTON,7
TOM TUNNEY,TOM TUNNEY,4
FRIENDS OF RODRIGUEZ,FRIENDS OF RODRIGUEZ,1
FRIENDS OF MICHELLE A. HARRIS,FRIENDS OF MICHELLE A. HARRIS,5
EMMA MITTS,EMMA MITTS,6
FRIENDS FOR DEBRA SILVERSTEIN,FRIENDS FOR DEBRA SILVERSTEIN,10
ALDERMAN HOWARD BROOKINS,ALDERMAN HOWARD BROOKINS,2
FRIENDS OF SUSAN SADLOWSKI GARZA,FRIENDS OF SUSAN SADLOWSKI GARZA,14
HOPKINS FOR CHICAGO,HOPKINS FOR CHICAGO,53
"COMMITTEE TO ELECT HOWARD B BROOKINS, JR","COMMITTEE TO ELECT HOWARD B BROOKINS, JR",2
CITIZENS TO ELECT FELIX CARDONA JR,CITIZENS TO ELECT FELIX CARDONA JR,2
CITIZENS FOR ERVIN,CITIZENS FOR ERVIN,28
ALDERMAN JASON ERVIN,ALDERMAN JASON ERVIN,9
COMM TO ELECT BROOKINS,COMM TO ELECT BROOKINS,1
MICHAEL SCOTT - 24TH WARD ALDERMAN,MICHAEL SCOTT - 24TH WARD ALDERMAN,1
GILBERT VILLEGAS,GILBERT VILLEGAS,6
MATT MARTIN,MATT MARTIN,4
BRIAN HOPKINS,BRIAN HOPKINS,11
"FRIENDS OF WALTER BURNETT, JR.","FRIENDS OF WALTER BURNETT, JR.",15
MARIA HADDEN,MARIA HADDEN,3
FRIENDS OF ANTHONY NAPOLITANO,FRIENDS OF ANTHONY NAPOLITANO,6
FRIENDS OF STEPHANIE COLEMAN,FRIENDS OF STEPHANIE COLEMAN,10
FRIENDS OF CHRIS TALIAFERRO,FRIENDS OF CHRIS TALIAFERRO,6
FRIENDS OF SAMANTHA NUGENT,FRIENDS OF SAMANTHA NUGENT,19
FRIENDS OF CARRIE AUSTIN,FRIENDS OF CARRIE AUSTIN,23
"CITIZENS FOR MICHAEL SCOTT, JR.","CITIZENS FOR MICHAEL SCOTT, JR.",10
FRIENDS OF LESLIE A. HAIRSTON,FRIENDS OF LESLIE A. HAIRSTON,15
CITIZENS FOR REILLY,CITIZENS FOR REILLY,36
CITIZENS FOR PAT DOWELL,CITIZENS FOR PAT DOWELL,24
CITIZENS FOR MICHELLE HARRIS,CITIZENS FOR MICHELLE HARRIS,8
CITIZENS TO ELECT EMMA MITTS,CITIZENS TO ELECT EMMA MITTS,18
CITIZENS FOR TUNNEY,CITIZENS FOR TUNNEY,35
COMMITTEE TO ELECT BROOKINS,COMMITTEE TO ELECT BROOKINS,2
FRIENDS OF WALTER BURNETT JR.,FRIENDS OF WALTER BURNETT JR.,12
FRIENDS OF EMMA MITTS,FRIENDS OF EMMA MITTS,2
CITIZENS FOR DEBRA SILVERSTEIN,CITIZENS FOR DEBRA SILVERSTEIN,2
MICHAEL SCOTT,MICHAEL SCOTT,6
ALD. HOWARD BROOKINS,ALD. HOWARD BROOKINS,1
MICHAEL RODRIGUEZ,MICHAEL RODRIGUEZ,6
CITIZENS FOR ANDRE VASQUEZ,CITIZENS FOR ANDRE VASQUEZ,1
ALD. MATT MARTIN,ALD. MATT MARTIN,1
FRIENDS OF BYRON SIGCHO LOPEZ,FRIENDS OF BYRON SIGCHO LOPEZ,2
COMMITTEE TO ELECT HOWARD B. BROOKINS JR.,COMMITTEE TO ELECT HOWARD B. BROOKINS JR.,1
CITIZENS FOR MICHAEL SCOTT,CITIZENS FOR MICHAEL SCOTT,5
"FRIENDS OF WALTER BURNETT, JR","FRIENDS OF WALTER BURNETT, JR",5
FRIENDS OF MATT MARTIN,FRIENDS OF MATT MARTIN,5
CITIZENS FOR WAGUESPACK,CITIZENS FOR WAGUESPACK,27
CITIZENS TO ELECT ANTHONY BEALE,CITIZENS TO ELECT ANTHONY BEALE,18
"CITIZENS FOR TUNNEY (COMMITTEE ID: 17150) MADE BY AIRBNB, INC.","CITIZENS FOR TUNNEY (COMMITTEE ID: 17150) MADE BY AIRBNB, INC.",1
"CITIZENS TO ELECT FELIX CARDONA, JR.","CITIZENS TO ELECT FELIX CARDONA, JR.",1
FRIENDS OF MICHAEL D. RODRIGUEZ,FRIENDS OF MICHAEL D. RODRIGUEZ,4
CITIZENS FOR MALDONADO,CITIZENS FOR MALDONADO,11
FRIENDS OF SOPHIA KING,FRIENDS OF SOPHIA KING,15
"CITIZENS TO ELECT EMMA MITTS (COMMITTEE ID: 15622) MADE BY AIRBNB, INC.","CITIZENS TO ELECT EMMA MITTS (COMMITTEE ID: 15622) MADE BY AIRBNB, INC.",1
"CITIZENS FOR ALDERMAN MICHAEL SCOTT, JR.","CITIZENS FOR ALDERMAN MICHAEL SCOTT, JR.",2
FRIENDS OF MICHELE SMITH,FRIENDS OF MICHELE SMITH,28
FRIENDS OF MATT O'SHEA,FRIENDS OF MATT O'SHEA,28
ALD. SCOTT WAGUESPACK,ALD. SCOTT WAGUESPACK,2
ALD ANDRE VASQUEZ,ALD ANDRE VASQUEZ,1
ALD MICHAEL RODRIGUEZ,ALD MICHAEL RODRIGUEZ,1
ANDRE VASQUEZ,ANDRE VASQUEZ,4
ALD BYRON SIGCHO LOPEZ,ALD BYRON SIGCHO LOPEZ,1
HARRY OSTERMAN,HARRY OSTERMAN,2
CITIZENS ALDERMAN MICHAEL SCOTT JR.,CITIZENS ALDERMAN MICHAEL SCOTT JR.,1
"MICHAEL SCOTT, JR.","MICHAEL SCOTT, JR.",1
MELISSA CONYEARS ERVIN,MELISSA CONYEARS ERVIN,2
ALDERMAN SCOTT,ALDERMAN SCOTT,1
CITIZENS FOR ALDERMAN MICHAEL SCOTT JR.,CITIZENS FOR ALDERMAN MICHAEL SCOTT JR.,7
FRIENDS OF MICHAEL D RODRIGUEZ,FRIENDS OF MICHAEL D RODRIGUEZ,4
NEIGHBORS FOR DANIEL LA SPATA,NEIGHBORS FOR DANIEL LA SPATA,3
CITIZENS FOR JASON ERVIN,CITIZENS FOR JASON ERVIN,6
CITIZENS TO ELECT DAVID MOORE,CITIZENS TO ELECT DAVID MOORE,16
SUSAN SADLOWSKI GARZA,SUSAN SADLOWSKI GARZA,4
MIKE RODRIGUEZ,MIKE RODRIGUEZ,1
ALDERMAN BRYON SIGCHO-LOPEZ,ALDERMAN BRYON SIGCHO-LOPEZ,1
FRIENDS OF VILLEGAS,FRIENDS OF VILLEGAS,2
CITZENS TO ELECT DAVID MOORE,CITZENS TO ELECT DAVID MOORE,1
ALD. MICHAEL RODRIGUEZ,ALD. MICHAEL RODRIGUEZ,3
FRIENDS OF ALDERMAN GIL VILLEGAS,FRIENDS OF ALDERMAN GIL VILLEGAS,1
CITIZENS TO ELECT FELIX CARDONA JR.,CITIZENS TO ELECT FELIX CARDONA JR.,3
JEANETTE B. TAYLOR,JEANETTE B. TAYLOR,1
ALDERMAN GILBERT VILLEGAS,ALDERMAN GILBERT VILLEGAS,7
MELISSA CONYEARS-ERVIN FOR CHICAGO,MELISSA CONYEARS-ERVIN FOR CHICAGO,1
ROD SAWYER,ROD SAWYER,3
CITIZENS FOR TOM TUNNEY,CITIZENS FOR TOM TUNNEY,6
CITIZENSE FOR BRENDAN REILLY,CITIZENSE FOR BRENDAN REILLY,1
CITIZENS FOR REBOYRAS,CITIZENS FOR REBOYRAS,11
FRIENDS OF SAMANTHAT NUGENT,FRIENDS OF SAMANTHAT NUGENT,1
GIL VILLEGAS,GIL VILLEGAS,4
ALDERMAN SCOTT WAGUESPAK,ALDERMAN SCOTT WAGUESPAK,1
CITIZENS FOR ARIEL E REBOYRAS,CITIZENS FOR ARIEL E REBOYRAS,2
FRIENDS OF WALTER BURNETT,FRIENDS OF WALTER BURNETT,18
FRIENDS OF BURNETT,FRIENDS OF BURNETT,1
DONATE TO RODERICK T. SAWYER,DONATE TO RODERICK T. SAWYER,1
FRIENDS OF MICHELLE SMITH,FRIENDS OF MICHELLE SMITH,8
FRIENDS OF GEORGE CARDENAS,FRIENDS OF GEORGE CARDENAS,12
FRIENDS OF RODERICK T. SAWYER,FRIENDS OF RODERICK T. SAWYER,21
SAMANTHA NUGENT,SAMANTHA NUGENT,3
ALDERMAN SCOTT WAGUESPACK,ALDERMAN SCOTT WAGUESPACK,7
CITIZENS FOR CONYEARS-ERVIN,CITIZENS FOR CONYEARS-ERVIN,1
ALDERMAN LESLIE HAIRSTON OF THE 5TH WARD,ALDERMAN LESLIE HAIRSTON OF THE 5TH WARD,1
CITIZENS FOR ALDERMAN REILLY,CITIZENS FOR ALDERMAN REILLY,10
CITIZENS FOR SCOTT,CITIZENS FOR SCOTT,1
FRIENDS OF LESLIE HAIRSTON,FRIENDS OF LESLIE HAIRSTON,17
FRIENDS OF HOWARD B. BROOKINS JR.,FRIENDS OF HOWARD B. BROOKINS JR.,1
CITIZENS OF REILLY,CITIZENS OF REILLY,1
STEPHANIE COLEMAN,STEPHANIE COLEMAN,3
MELISSA CONYEARS-ERVIN,MELISSA CONYEARS-ERVIN,3
JEANETTE B.TAYLOR,JEANETTE B.TAYLOR,1
FRIENDS OF MIKE RODRIGUEZ,FRIENDS OF MIKE RODRIGUEZ,1
FRIENDS OF GILBERT VILLEGAS FOR ALDERMAN,FRIENDS OF GILBERT VILLEGAS FOR ALDERMAN,2
FRIENDS OF TALIAFERRO,FRIENDS OF TALIAFERRO,1
ALD. DAVID MOORE,ALD. DAVID MOORE,1
ALD. GEORGE CARDENAS,ALD. GEORGE CARDENAS,3
CHRIS TALIAFERRO,CHRIS TALIAFERRO,4
ALD HOPKINS,ALD HOPKINS,1
CITIZENS FOR EMMA MITTS,CITIZENS FOR EMMA MITTS,3
GILBERT VILLEGAS (FROM MY FRIENDS OF LUIS ARROYO COMMITTEE TO PAY MY SHARE OF COSTS FOR A SHREDDING EVENT WE CO-SPONSORED),GILBERT VILLEGAS (FROM MY FRIENDS OF LUIS ARROYO COMMITTEE TO PAY MY SHARE OF COSTS FOR A SHREDDING EVENT WE CO-SPONSORED),1
NEIGHBORS FOR HARRY OSTERMAN,NEIGHBORS FOR HARRY OSTERMAN,9
CITIZENS FOR JOE MOORE,CITIZENS FOR JOE MOORE,32
HOPKINS FOR CHICAGO (ALD) (GENERAL CAMPAIGN CONTRIBUTION),HOPKINS FOR CHICAGO (ALD) (GENERAL CAMPAIGN CONTRIBUTION),1
ANTHONY BEALE,ANTHONY BEALE,7
ALDERMAN BRENDAN REILLY,ALDERMAN BRENDAN REILLY,12
FRIENDS OF RAYMOND LOPEZ,FRIENDS OF RAYMOND LOPEZ,13
ALDERMAN GEORGE CARDENAS,ALDERMAN GEORGE CARDENAS,11
ALDERMAN MICHELLE A. HARRIS,ALDERMAN MICHELLE A. HARRIS,3
PATRICK THOMPSON,PATRICK THOMPSON,4
ALD ROD SAWYER,ALD ROD SAWYER,1
ALDERMAN MICHAEL RODRIGUEZ,ALDERMAN MICHAEL RODRIGUEZ,1
CITIZENS FOR BRIAN HOPKINS,CITIZENS FOR BRIAN HOPKINS,1
CITIZENS FOR REILLY (ALDERMAN BRENDAN REILLY),CITIZENS FOR REILLY (ALDERMAN BRENDAN REILLY),2
WALTER BURNETT,WALTER BURNETT,6
ALDERMAN BRIAN HOPKINS,ALDERMAN BRIAN HOPKINS,3
BRIAN HOPKINS FOR CHICAGO,BRIAN HOPKINS FOR CHICAGO,2
ALDERMAN CARRIE M. AUSTIN,ALDERMAN CARRIE M. AUSTIN,3
FRIENDS OF NICHOLAS SPOSATO,FRIENDS OF NICHOLAS SPOSATO,8
ALD. EMMA MITTS,ALD. EMMA MITTS,1
RODERICK T. SAWYER,RODERICK T. SAWYER,3
JOE MOORE,JOE MOORE,5
ALDERMAN JAMES CAPPLEMAN,ALDERMAN JAMES CAPPLEMAN,7
FRIENDS OF EDWARD M. BURKE,FRIENDS OF EDWARD M. BURKE,23
ALDERMAN MOORE,ALDERMAN MOORE,2
CITIZENS FOR MITTS,CITIZENS FOR MITTS,1
FRIENDS OF RAYMOND A. LOPEZ,FRIENDS OF RAYMOND A. LOPEZ,7
ALDERMAN DERIK CURTIS,ALDERMAN DERIK CURTIS,1
FRIENDS OF ED BURKE,FRIENDS OF ED BURKE,25
ALD. MATT O'SHEA,ALD. MATT O'SHEA,2
ALDERMAN PATRICK THOMPSON,ALDERMAN PATRICK THOMPSON,1
ALDERMAN PAT DOWELL,ALDERMAN PAT DOWELL,8
CITIZENS FOR ALDERMAN MICHAEL SCOTT JR,CITIZENS FOR ALDERMAN MICHAEL SCOTT JR,2
CITIZENS FOR CAPPLEMAN,CITIZENS FOR CAPPLEMAN,28
CITIZENS FOR BEALE,CITIZENS FOR BEALE,2
CITIZENS FOR ALDERMAN DEBRA SILVERSTEIN,CITIZENS FOR ALDERMAN DEBRA SILVERSTEIN,1
CITIZENS FOR REILLY - ALDERMAN BRENDAN REILLY,CITIZENS FOR REILLY - ALDERMAN BRENDAN REILLY,1
COMMITTEE TO ELECT HOWARD BROOKINS,COMMITTEE TO ELECT HOWARD BROOKINS,4
FRIENDS OF CARRIE AUSTIN 34TH WARD COMMITTEEMAN,FRIENDS OF CARRIE AUSTIN 34TH WARD COMMITTEEMAN,4
FRIENDS OF MICHELLE HARRIS,FRIENDS OF MICHELLE HARRIS,17
FRIENDS OF HOPKINS,FRIENDS OF HOPKINS,1
FRIENDS OF JIM GARDINER,FRIENDS OF JIM GARDINER,1
SILVERSTEIN FOR ALDERMAN,SILVERSTEIN FOR ALDERMAN,1
CITIZENS FOR HOWARD BROOKINS,CITIZENS FOR HOWARD BROOKINS,1
CITIZENS FOR DAVID MOORE,CITIZENS FOR DAVID MOORE,2
FRIENDS OF GEORGE A CARDENAS,FRIENDS OF GEORGE A CARDENAS,8
"FRIENDS OF CARRIE AUSTIN (VIA NEAL & LEROY, LLC)","FRIENDS OF CARRIE AUSTIN (VIA NEAL & LEROY, LLC)",1
FRIENDS OF MICHELE HARRIS,FRIENDS OF MICHELE HARRIS,2
FRIENDS OF HOWARD BROOKINS,FRIENDS OF HOWARD BROOKINS,2
FRIENDS OF RAMOND LOPEZ,FRIENDS OF RAMOND LOPEZ,2
CITIZENS FOR CARRIE AUSTIN,CITIZENS FOR CARRIE AUSTIN,13
ALDERMAN TOM TUNNEY,ALDERMAN TOM TUNNEY,6
CARRIE AUSTIN,CARRIE AUSTIN,6
ALDERMAN REILLY,ALDERMAN REILLY,5
FRIENDS OF JOANN THOMPSON,FRIENDS OF JOANN THOMPSON,7
FRIENDS OF PATRICK D. THOMPSON,FRIENDS OF PATRICK D. THOMPSON,8
FRIENDS OF TOM TUNNEY,FRIENDS OF TOM TUNNEY,2
FRIENDS OF CARDENAS,FRIENDS OF CARDENAS,2
FRIENDS FOR JOE MOORE,FRIENDS FOR JOE MOORE,1
ALDERMAN RAYMOND LOPEZ,ALDERMAN RAYMOND LOPEZ,6
FELIX CARDONA JR 31ST WARD ALDERMAN,FELIX CARDONA JR 31ST WARD ALDERMAN,1
ALDERMAN JOANN THOMPSON,ALDERMAN JOANN THOMPSON,5
FRIENDS OF ALDERMAN CARDENAS,FRIENDS OF ALDERMAN CARDENAS,2
ALDERMAN MICHELE SMITH,ALDERMAN MICHELE SMITH,5
FRIEND OF MATT O'SHEA,FRIEND OF MATT O'SHEA,1
CITIZENS OF JOE MOORE,CITIZENS OF JOE MOORE,1
ALDERMAN JOE MOORE,ALDERMAN JOE MOORE,8
FRIENDS OF ALDERMAN BEALE FOR CONGRESS,FRIENDS OF ALDERMAN BEALE FOR CONGRESS,1
MICHELLE HARRIS FOR CITY CLERK,MICHELLE HARRIS FOR CITY CLERK,1
FRIENDS OF EDWARD BURKE,FRIENDS OF EDWARD BURKE,6
CITIZENS FOR CARRIE M. AUSTIN,CITIZENS FOR CARRIE M. AUSTIN,2
FRIENDS OF GUASTELLA NUGENT,FRIENDS OF GUASTELLA NUGENT,1
ALD JOE MOORE,ALD JOE MOORE,1
MICHELLE A. HARRIS,MICHELLE A. HARRIS,1
FRIENDS OF JASON ERVIN,FRIENDS OF JASON ERVIN,1
CITIZENS FOR DOWELL,CITIZENS FOR DOWELL,2
FRIENDS FOR DEBORAH SILVERSTEIN,FRIENDS FOR DEBORAH SILVERSTEIN,1
ALDERMAN SMITH,ALDERMAN SMITH,1
CITIZENS OF CARRIE M AUSTIN,CITIZENS OF CARRIE M AUSTIN,1
CITIZEN TO ELECT ANTHONY BEALE,CITIZEN TO ELECT ANTHONY BEALE,1
RAYMOND LOPEZ,RAYMOND LOPEZ,2
ALDERMAN BRENDAN REILLY (42ND WARD HOCKEY CLUB),ALDERMAN BRENDAN REILLY (42ND WARD HOCKEY CLUB),1
ALDERMAN CARRIE AUSTIN,ALDERMAN CARRIE AUSTIN,9
ALD. BRENDAN REILLY,ALD. BRENDAN REILLY,1
MICHELE SMITH,MICHELE SMITH,5
MICHAEL SCOTT JR.,MICHAEL SCOTT JR.,1
ALDERMAN LESLIE HAIRSTON,ALDERMAN LESLIE HAIRSTON,8
ALD. CARRIE AUSTIN,ALD. CARRIE AUSTIN,1
ALDERMAN ELECT PATRICK THOMPSON,ALDERMAN ELECT PATRICK THOMPSON,1
MELISSA FOR CITY TREASURE (MELISSA CONYEARS-ERVIN),MELISSA FOR CITY TREASURE (MELISSA CONYEARS-ERVIN),1
CITIZENS FOR ALDERMAN ERVIN,CITIZENS FOR ALDERMAN ERVIN,1
ALD. MICHELLE HARRIS,ALD. MICHELLE HARRIS,1
FRIENDS OF GREG MITCHELL,FRIENDS OF GREG MITCHELL,5
FRIENDS OF HAIRSTON,FRIENDS OF HAIRSTON,1
FRIENDS OF RODERICK T SAWYER,FRIENDS OF RODERICK T SAWYER,5
MTC JOBS PAC - ALD. EMMA MITTS (FUNDRAISING RECEPTION),MTC JOBS PAC - ALD. EMMA MITTS (FUNDRAISING RECEPTION),1
JEANETTE TAYLOR,JEANETTE TAYLOR,2
FRIENDS OF EDWARD M. BURKE (ALD SPONSOR - RECEPTION),FRIENDS OF EDWARD M. BURKE (ALD SPONSOR - RECEPTION),1
FRIENDS OF PATRICK D THOMPSON,FRIENDS OF PATRICK D THOMPSON,3
ALDERMAN WALTER BURNETT,ALDERMAN WALTER BURNETT,9
CITIZENS FOR MOORE,CITIZENS FOR MOORE,2
FRIENDS OF RON SAWYER,FRIENDS OF RON SAWYER,1
RE-ELECT TOM TUNNEY,RE-ELECT TOM TUNNEY,2
HOWARD BROOKINS 21ST CHICAGO,HOWARD BROOKINS 21ST CHICAGO,1
PAT DOWELL,PAT DOWELL,4
24TH WARD DEMOCRATIC ORGANIZATION ALD. MICHAEL SCOTT,24TH WARD DEMOCRATIC ORGANIZATION ALD. MICHAEL SCOTT,3
19TH WARD DEM - MATT O'SHEA,19TH WARD DEM - MATT O'SHEA,1
CITIZENS FOR ANTHONY BEALE,CITIZENS FOR ANTHONY BEALE,4
CITIZENS FOR ARIEL REBOYRAS,CITIZENS FOR ARIEL REBOYRAS,3
FRIENDS OF GEORGE A. CARDENAS,FRIENDS OF GEORGE A. CARDENAS,12
FRIENDS OF CARRIE M. AUSTIN,FRIENDS OF CARRIE M. AUSTIN,9
"MICHAEL SCOTT - NEAL & LEROY, LLC","MICHAEL SCOTT - NEAL & LEROY, LLC",1
ALDERMAN LOPEZ,ALDERMAN LOPEZ,1
ALDERMAN EDWARD BURKE,ALDERMAN EDWARD BURKE,1
EIGHTH WARD REGULAR DEMOCRATIC ORGANIZATION (HARRIS),EIGHTH WARD REGULAR DEMOCRATIC ORGANIZATION (HARRIS),2
CITIZENS FOR JOE MOORE (ALD) (GENERAL COTNRIBUTION,CITIZENS FOR JOE MOORE (ALD) (GENERAL COTNRIBUTION,1
CITIZENS FOR CARRIE M. AUSTIN - ALDERMAN 34TH WARD,CITIZENS FOR CARRIE M. AUSTIN - ALDERMAN 34TH WARD,1
CITIZENS FOR MICHAEL SCOTT JR.,CITIZENS FOR MICHAEL SCOTT JR.,8
CITIZENS FOR HARRIS,CITIZENS FOR HARRIS,1
FRIENDS OF R. SAWYER,FRIENDS OF R. SAWYER,1
"FRIENDS OF WALTER BURNETTE, JR.","FRIENDS OF WALTER BURNETTE, JR.",1
ALDERMAN ROBERTO MALDONADO,ALDERMAN ROBERTO MALDONADO,2
FRIENDS OF ALD. REILLY,FRIENDS OF ALD. REILLY,1
ALD ROBERTO MALDONADO,ALD ROBERTO MALDONADO,1
JAMES CAPPLEMAN,JAMES CAPPLEMAN,2
FRIENDS OF LOPEZ,FRIENDS OF LOPEZ,1
ALDERMAN FELIX CARDONA,ALDERMAN FELIX CARDONA,1
ALD.HOPKINS BUSINESS ADVISORY COUNCIL,ALD.HOPKINS BUSINESS ADVISORY COUNCIL,1
FRIENDS OF PATRICK THOMPSON,FRIENDS OF PATRICK THOMPSON,6
ALDERMAN ANTHONY BEALE,ALDERMAN ANTHONY BEALE,4
CITIZENS FOR MALDONADO - POLITICAL DONATION FUNDRAISING EVENT ON 10/22/15,CITIZENS FOR MALDONADO - POLITICAL DONATION FUNDRAISING EVENT ON 10/22/15,1
FRIENDS OF RODERICK T SAWYER (ALD)  (RECEPTION SPONSOR),FRIENDS OF RODERICK T SAWYER (ALD)  (RECEPTION SPONSOR),1
FRINENDS OF WALTER BURNETT,FRINENDS OF WALTER BURNETT,1
GEORGE CARDENAS,GEORGE CARDENAS,3
ACT BLUE - JOE MOORE,ACT BLUE - JOE MOORE,1
ALDERMAN EDWARD M. BURKE,ALDERMAN EDWARD M. BURKE,3
ALD BRENDAN REILLY,ALD BRENDAN REILLY,1
COMMITTEE TO ELECT HOWARD B. BROOKINS,COMMITTEE TO ELECT HOWARD B. BROOKINS,1
PATRICK DALEY THOMPSON CAMPAIGN,PATRICK DALEY THOMPSON CAMPAIGN,1
RODRICK SAWYER,RODRICK SAWYER,2
MICHELLE SMITH,MICHELLE SMITH,3
THE BURNHAM COMMITTEE ALDERMAN ED BURKE,THE BURNHAM COMMITTEE ALDERMAN ED BURKE,3
CITIZENS FOR HOWARD BROOKINS JR.,CITIZENS FOR HOWARD BROOKINS JR.,1
PATRICK DALEY THOMPSON CAMPAIGN COMMITTEE,PATRICK DALEY THOMPSON CAMPAIGN COMMITTEE,3
FRIENDS OF ROD SAWYER,FRIENDS OF ROD SAWYER,3
ALDERMAN GEORGE A. CARDENAS,ALDERMAN GEORGE A. CARDENAS,2
"JASON ERVIN - NEAL & LEROY, LLC","JASON ERVIN - NEAL & LEROY, LLC",1
CITIZENS FOR ARIEL E. REBOYRAS,CITIZENS FOR ARIEL E. REBOYRAS,1
ALDERMAN ED BURKE,ALDERMAN ED BURKE,6
CITIZENS FOR MARTY QUINN,CITIZENS FOR MARTY QUINN,3
ALD. WALTER BURNETT,ALD. WALTER BURNETT,1
ALDERMAN HOPKINS,ALDERMAN HOPKINS,3
FRIENDS OF NICK SPOSATO,FRIENDS OF NICK SPOSATO,2
FRIENDS EDWARD BURKE,FRIENDS EDWARD BURKE,1
CITIIZENS FOR ERVIN,CITIIZENS FOR ERVIN,1
SCOTT FOR ALDERMAN,SCOTT FOR ALDERMAN,1
FRIEND FOR MICHAEL SCOTT JR,FRIEND FOR MICHAEL SCOTT JR,1
CITIZENS FOR SAWYER,CITIZENS FOR SAWYER,1
CLUB 42 -- ALDERMAN BRENDAN REILLY,CLUB 42 -- ALDERMAN BRENDAN REILLY,1
ALDERMAN NICHOLAS SPOSATO,ALDERMAN NICHOLAS SPOSATO,2
FRIENDS OF SPOSATO,FRIENDS OF SPOSATO,1
SAMANTHA NUGENT FOR 39TH WARD ALDERMAN,SAMANTHA NUGENT FOR 39TH WARD ALDERMAN,1
CITIZENS FOR MICHELE SMITH,CITIZENS FOR MICHELE SMITH,3
"FRIENDS OF EDWARD M. BURKE (FROM NEAL & LEROY, LLC)","FRIENDS OF EDWARD M. BURKE (FROM NEAL & LEROY, LLC)",1
ALDERMAN JOANNA THOMPSON,ALDERMAN JOANNA THOMPSON,1
TONY BEALE,TONY BEALE,1
ALDERMAN HARRY OSTERMAN,ALDERMAN HARRY OSTERMAN,4
ALDERMAN MATT O'SHEA,ALDERMAN MATT O'SHEA,4
CARRIE M. AUSTIN,CARRIE M. AUSTIN,3
"ALDERMAN, LESLIE HAIRSTON","ALDERMAN, LESLIE HAIRSTON",1
FRIENDS OF BRENDAN REILLY,FRIENDS OF BRENDAN REILLY,1
"COMMITTEE TO ELECT HOWARD BROOKINS, JR.","COMMITTEE TO ELECT HOWARD BROOKINS, JR.",3
ALDERMAN MICHAELLE SMITH,ALDERMAN MICHAELLE SMITH,1
ALDERMAN EMMA MITTS,ALDERMAN EMMA MITTS,5
NEIGHBORS OF HARRY OSTERMAN,NEIGHBORS OF HARRY OSTERMAN,2
CITIZENS FOR PAT MCDOWELL,CITIZENS FOR PAT MCDOWELL,1
PATRICK DALEY THOMPSON,PATRICK DALEY THOMPSON,1
FRIENDS OF DEBRA SILVERSTEIN,FRIENDS OF DEBRA SILVERSTEIN,7
ALD MICHELLE HARRIS,ALD MICHELLE HARRIS,1
FRIENDS OF ALDERMAN BURKE,FRIENDS OF ALDERMAN BURKE,2
FRIENDS OF EDWARD M BURKE,FRIENDS OF EDWARD M BURKE,7
CITIZENS FOR ROBERTO MALDONADO,CITIZENS FOR ROBERTO MALDONADO,1
FRIENDS OF THOMPSON,FRIENDS OF THOMPSON,1
RODERICK SAWYER,RODERICK SAWYER,6
MICHELLE SMITH CONTRIBUTION,MICHELLE SMITH CONTRIBUTION,1
MATTHEW O'SHEA,MATTHEW O'SHEA,1
NEW 37TH WARD DEMOCRATIC ORGANIZATION (ALDERMAN EMMA MITTS),NEW 37TH WARD DEMOCRATIC ORGANIZATION (ALDERMAN EMMA MITTS),1
CITIZENS FOR ALDERMAN TOM TUNNEY,CITIZENS FOR ALDERMAN TOM TUNNEY,1
ALD LESLIE HAIRSTON,ALD LESLIE HAIRSTON,1
FRIENDS OF SCOTT,FRIENDS OF SCOTT,1
ALDERMAN BURKE,ALDERMAN BURKE,1
CITIZENS FOR PATRICK THOMPSON,CITIZENS FOR PATRICK THOMPSON,1
CITIZENS FOR CARDENAS,CITIZENS FOR CARDENAS,3
FRIENDS FOR MICHELLE SMITH,FRIENDS FOR MICHELLE SMITH,2
FRIENDS OF NICOLAS SPOSATO,FRIENDS OF NICOLAS SPOSATO,1
21ST CHICAGO/ALDERMAN HOWARD BROOKINS,21ST CHICAGO/ALDERMAN HOWARD BROOKINS,1
CITIZENS FOR BRENDAN REILLY (ALD.) (RECEPTION SPONSOR),CITIZENS FOR BRENDAN REILLY (ALD.) (RECEPTION SPONSOR),1
CITIZENS FOR ALDERMAN BRENDAN REILLY,CITIZENS FOR ALDERMAN BRENDAN REILLY,1
CITIZENS FOR HAIRSTON,CITIZENS FOR HAIRSTON,1
CITIZENS FOR ALDERMAN TOM TUNNEY - 44TH WARD,CITIZENS FOR ALDERMAN TOM TUNNEY - 44TH WARD,1
DEMOCRATIC PARTY OF 49TH WARD (ALD JOE MOORE FUND-RAISER),DEMOCRATIC PARTY OF 49TH WARD (ALD JOE MOORE FUND-RAISER),1
HOPKINS FOR ALDERMAN,HOPKINS FOR ALDERMAN,1
ALD. TABARES,ALD. TABARES,1
"ALDERMAN, RODERICK SAWYER","ALDERMAN, RODERICK SAWYER",1
CITIZENS FOR ALDERMAN AUSTIN,CITIZENS FOR ALDERMAN AUSTIN,1
CITIZENS FOR GREGORY HARRIS,CITIZENS FOR GREGORY HARRIS,1
ALD PAT DOWELL,ALD PAT DOWELL,3
ERVIN FOR COMMITTEEMAN,ERVIN FOR COMMITTEEMAN,5
CITIZENS FOR ALD. BRANDON REILLY,CITIZENS FOR ALD. BRANDON REILLY,1
"RODERICK T. SAWYER - NEAL & LEROY, LLC","RODERICK T. SAWYER - NEAL & LEROY, LLC",1
ALDERMAN OSTERMAN,ALDERMAN OSTERMAN,2
FRIENDS OF SAMANTHA NUGENT FOR 39TH WARD ALDERMAN,FRIENDS OF SAMANTHA NUGENT FOR 39TH WARD ALDERMAN,1
ALDERMAN ED BURKE NO PERSONAL CONTRIBUTIONS IN 2012,ALDERMAN ED BURKE NO PERSONAL CONTRIBUTIONS IN 2012,2
EDWARD M. BURKE,EDWARD M. BURKE,2
HOWARD BROOKINS JR,HOWARD BROOKINS JR,3
ALDERMAN SOPHIA KING,ALDERMAN SOPHIA KING,1
ALDERMAN RODERICK T. SAWYER,ALDERMAN RODERICK T. SAWYER,3
FRIENDS OF WALTER BURNETT JR,FRIENDS OF WALTER BURNETT JR,2
BRENDAN REILLY,BRENDAN REILLY,4
FRIENDS OF ALDERMAN CARRIE AUSTIN,FRIENDS OF ALDERMAN CARRIE AUSTIN,1
ALDERMAN DEBRA SILVERSTEIN,ALDERMAN DEBRA SILVERSTEIN,3
COMMITTEE TO ELECT ANTHONY BEALE,COMMITTEE TO ELECT ANTHONY BEALE,1
FRIENDS OF MICHAEL SCOTT JR,FRIENDS OF MICHAEL SCOTT JR,1
CITIZENS FOR ALD. BRENDAN REILLY,CITIZENS FOR ALD. BRENDAN REILLY,1
FRIENDS OF PATRICK THOMPSON FOR ALDERMAN,FRIENDS OF PATRICK THOMPSON FOR ALDERMAN,1
ALD. PAT DOWELL,ALD. PAT DOWELL,1
FRIENDS OF RODRICK SAWYER,FRIENDS OF RODRICK SAWYER,2
BEALE FOR CONGRESS,BEALE FOR CONGRESS,4
FRIENDS OF BRIAN HOPKINS,FRIENDS OF BRIAN HOPKINS,1
RAY LOPEZ,RAY LOPEZ,2
FRIENDS FOR SAWYER,FRIENDS FOR SAWYER,1
SCOTT WAGUESPACK,SCOTT WAGUESPACK,5
FRIENDS OF EDWARD BURKE (ANNUAL SPONSORS' RECEPTION/HOLIDAY RECEPTION),FRIENDS OF EDWARD BURKE (ANNUAL SPONSORS' RECEPTION/HOLIDAY RECEPTION),1
TAXPAYERS FOR QUINN,TAXPAYERS FOR QUINN,1
ALDERMAN CHRISTOPHER TALIAFERRO,ALDERMAN CHRISTOPHER TALIAFERRO,1
JASON C. ERVIN,JASON C. ERVIN,1
CITIZENS FOR BRENDAN REILLY,CITIZENS FOR BRENDAN REILLY,8
"FRIENDS OF HOWARD B. BROOKINS, JR.","FRIENDS OF HOWARD B. BROOKINS, JR.",2
FRIENDS OF PATRICK D. THOMPSON (GENERAL CONTRIBUTION),FRIENDS OF PATRICK D. THOMPSON (GENERAL CONTRIBUTION),1
ALD. ED BURKE,ALD. ED BURKE,1
FRIENDS OF ALD WALTER BURNETT,FRIENDS OF ALD WALTER BURNETT,1
26TH WARD DEMOCRATIC ORGANIZATION - ALDERMAN ROBERTO MALDONADO,26TH WARD DEMOCRATIC ORGANIZATION - ALDERMAN ROBERTO MALDONADO,1
"ALDERMAN WALTER BURNETT, JR.","ALDERMAN WALTER BURNETT, JR.",3
FREINDS OF LESLIE HAIRSTON,FREINDS OF LESLIE HAIRSTON,1
FRIENDS OF JOANNE THOMPSON,FRIENDS OF JOANNE THOMPSON,1
FRIENDS OF IRIS Y. MARTINEZ,FRIENDS OF IRIS Y. MARTINEZ,1
34TH WARD DEMOCRATIC ORGANIZATION (AUSTIN),34TH WARD DEMOCRATIC ORGANIZATION (AUSTIN),2
MATT O'SHEA,MATT O'SHEA,4
FRIENDS FOR SUSAN SADLOWSKI GARZA,FRIENDS FOR SUSAN SADLOWSKI GARZA,1
ALD. RAYMOND LOPEZ,ALD. RAYMOND LOPEZ,1
ALDERMAN JASON ERVING,ALDERMAN JASON ERVING,1
FRIENDS OF RODERICK P. SAWYER,FRIENDS OF RODERICK P. SAWYER,1
ALD. BRIAN HOPKINS,ALD. BRIAN HOPKINS,1
CITIZENS FOR AUSTIN,CITIZENS FOR AUSTIN,3
FRIENDS OF CARRIE M. AUSTIN - 34TH WARD ALDERMAN,FRIENDS OF CARRIE M. AUSTIN - 34TH WARD ALDERMAN,1
COMMITTEE TO ELECT HOWARD B BROOKINS,COMMITTEE TO ELECT HOWARD B BROOKINS,1
"FRIENDS OF WALTER BURNETT, JR. (GENERAL CONTRIBUTION)","FRIENDS OF WALTER BURNETT, JR. (GENERAL CONTRIBUTION)",1
FRIENDS OF CARRIE M AUSTIN,FRIENDS OF CARRIE M AUSTIN,2
CITIZENS FOR GILBERT VILLEGAS,CITIZENS FOR GILBERT VILLEGAS,1
FRIENDS OF SAWYER,FRIENDS OF SAWYER,1
ALDERMAN ED BURKE - FUNDRAISER,ALDERMAN ED BURKE - FUNDRAISER,1
FRIENDS OF TABARES,FRIENDS OF TABARES,3
FRIENDS OF BURKE,FRIENDS OF BURKE,1
"COMMITTEE TO ELECT HOWARD B. BROOKINS, JR","COMMITTEE TO ELECT HOWARD B. BROOKINS, JR",1
"CITIZENS FOR PAT DOWELL - NEAL & LEROY, LLC","CITIZENS FOR PAT DOWELL - NEAL & LEROY, LLC",1
CITIZENS FOR CARRIE M AUSTIN,CITIZENS FOR CARRIE M AUSTIN,2
ALD. JASON ERVIN,ALD. JASON ERVIN,2
FRIENDS OF PATRICK D. THOMPSON FOR ALDERMAN,FRIENDS OF PATRICK D. THOMPSON FOR ALDERMAN,3
ROBERTO MALDONADO,ROBERTO MALDONADO,1
ALDERMAN BROOKINS,ALDERMAN BROOKINS,1
FRIENDS OF GREG MITCHELL 7TH WARD,FRIENDS OF GREG MITCHELL 7TH WARD,1
ALD DERRICK CURTIS,ALD DERRICK CURTIS,1
ACTBLUE*LESLIE.HAIRSTON,ACTBLUE*LESLIE.HAIRSTON,1
"ALDERMAN, HOWARD BROOKINS","ALDERMAN, HOWARD BROOKINS",1
CITIZENS FOR SPOSATO,CITIZENS FOR SPOSATO,1
ALD. LESLIE HAIRSTON,ALD. LESLIE HAIRSTON,1
FRIENDS OF ALDERMAN EDWARD BURKE,FRIENDS OF ALDERMAN EDWARD BURKE,1
ANTHONY BEALE FOR CONGRESS,ANTHONY BEALE FOR CONGRESS,2
MICHELLE HARRIS,MICHELLE HARRIS,3
FRIENDS OF RAY LOPEZ,FRIENDS OF RAY LOPEZ,4
ALDERMAN SPOSATO,ALDERMAN SPOSATO,1
BRIAN HOPKINS FOR CHICAGO (FRIEND SPONSOR),BRIAN HOPKINS FOR CHICAGO (FRIEND SPONSOR),1
FRIENDS OF ALDERMAN REILLY,FRIENDS OF ALDERMAN REILLY,1
FRIENDS OF ALDERMAN BURNETT,FRIENDS OF ALDERMAN BURNETT,1
MELISSA CONYEARS-ERVIN FOR TREASURER,MELISSA CONYEARS-ERVIN FOR TREASURER,2
FRIENDS OF ALDERMAN ED BURKE,FRIENDS OF ALDERMAN ED BURKE,2
MATT MARTIN FOR ALDERMAN,MATT MARTIN FOR ALDERMAN,2
ALDERMANN CARRIE AUSTIN,ALDERMANN CARRIE AUSTIN,1
FREIENDS OF CARRIE AUSTIN,FREIENDS OF CARRIE AUSTIN,1
ED BURKE,ED BURKE,4
CITIZENS FOR ALDERMAN JOE MOORE,CITIZENS FOR ALDERMAN JOE MOORE,1
FRIEND OF PATRICK THOMPSON,FRIEND OF PATRICK THOMPSON,1
FRIENDS OF EDWARD BURKE (IN KIND CONTRIBUTION - FOOD),FRIENDS OF EDWARD BURKE (IN KIND CONTRIBUTION - FOOD),1
COMM. TO ELECT BROOKINS,COMM. TO ELECT BROOKINS,1
CITIZENS TO RE-ELECT EMMA MITTS,CITIZENS TO RE-ELECT EMMA MITTS,1
RAYMOND LOPEZ - ALDERMAN 15TH WARD,RAYMOND LOPEZ - ALDERMAN 15TH WARD,1
28TH WARD DEMOCRATIC WARD REG. DEM. ORG. (ERVIN),28TH WARD DEMOCRATIC WARD REG. DEM. ORG. (ERVIN),1
FRIENDS OF ALDERMAN JASON ERVINE,FRIENDS OF ALDERMAN JASON ERVINE,1
CITZENS FOR JOE MOORE,CITZENS FOR JOE MOORE,2
ALD GEORGE CARDENAS,ALD GEORGE CARDENAS,2
FRIENDS OF JOE MOORE,FRIENDS OF JOE MOORE,3
ALDERMAN ROD SAWYER,ALDERMAN ROD SAWYER,1
ALDERMAN CARRIE AUSTIN 34TH WARD DEM. ORG.,ALDERMAN CARRIE AUSTIN 34TH WARD DEM. ORG.,2
BROOKINS FOR CONGRESS,BROOKINS FOR CONGRESS,3
ALDERMAN EMMA MITTS (FROM FRIENDS OF LUIS ARROYO,ALDERMAN EMMA MITTS (FROM FRIENDS OF LUIS ARROYO,1
ALDERMAN CAPPLEMAN FUNDRAISER,ALDERMAN CAPPLEMAN FUNDRAISER,1
ALDERMAN PATRICK D. THOMPSON,ALDERMAN PATRICK D. THOMPSON,2
FRIENDS OF SILVERSTEIN,FRIENDS OF SILVERSTEIN,1
CITIZENS FOR HOPKINS,CITIZENS FOR HOPKINS,1
FRIENDS OF LESLIE HARRISON,FRIENDS OF LESLIE HARRISON,1
"FRIENDS FOR WALTER BURNETT, JR.","FRIENDS FOR WALTER BURNETT, JR.",1
FRIENDS OF RAYMOND A LOPEZ,FRIENDS OF RAYMOND A LOPEZ,2
CITIZENS FOR DEREK CURTIS,CITIZENS FOR DEREK CURTIS,1
CITIZENS FOR LESLIE A. HAIRSTON,CITIZENS FOR LESLIE A. HAIRSTON,1
MATT O'SHEA 19TH WARD,MATT O'SHEA 19TH WARD,1
CONTRIBUTION TO ALDERMAN TALIAFERRO,CONTRIBUTION TO ALDERMAN TALIAFERRO,1
COMMITTEE TO REELECT HOWARD BROOKINS,COMMITTEE TO REELECT HOWARD BROOKINS,1
ALD. HARRY OSTERMAN,ALD. HARRY OSTERMAN,1
CITIZENS FOR JAMES CAPPLEMAN,CITIZENS FOR JAMES CAPPLEMAN,3
ALDERMAN RAY LOPEZ,ALDERMAN RAY LOPEZ,2
RE-ELECT JASON ERVIN,RE-ELECT JASON ERVIN,1
"EMMA MITTS - NEAL & LEROY, LLC","EMMA MITTS - NEAL & LEROY, LLC",1
MICHAEL RODRIGUEZ FOR ALDERMAN,MICHAEL RODRIGUEZ FOR ALDERMAN,1
FRIENDS TO  ELECT ANTHONY BEALE,FRIENDS TO  ELECT ANTHONY BEALE,1
VILLEGAS FOR 36 WARD,VILLEGAS FOR 36 WARD,1
CITIZENS FOR DERRICK G. CURTIS,CITIZENS FOR DERRICK G. CURTIS,1
"LESLIE HAIRSTON (FROM NEAL & LEROY, LLC)","LESLIE HAIRSTON (FROM NEAL & LEROY, LLC)",1
FRIENDS OF REILLY,FRIENDS OF REILLY,2
BYRON SIGCHO LOPEZ,BYRON SIGCHO LOPEZ,1
MELISSA CONYERS ERVIN,MELISSA CONYERS ERVIN,1
ALDERMAN DAVID MOORE,ALDERMAN DAVID MOORE,2
FRIENDS OF O'SHEA,FRIENDS OF O'SHEA,1
ALDERMAN M. HARRIS,ALDERMAN M. HARRIS,1
FRIENDS OF PATRICK D THOMPSON FOR ALDERMAN,FRIENDS OF PATRICK D THOMPSON FOR ALDERMAN,3
CITIZENS FOR MICHAEL SCOTT JR,CITIZENS FOR MICHAEL SCOTT JR,1
FRIENDS OF CURTIS TARVER LL,FRIENDS OF CURTIS TARVER LL,1
CITZENS FOR BEALE,CITZENS FOR BEALE,1
CITIZENS TO ELECT DERRICK G. CURTIS,CITIZENS TO ELECT DERRICK G. CURTIS,1
FRIENDS OF MATT O'SHEA (GENERAL CONTRIBUTION),FRIENDS OF MATT O'SHEA (GENERAL CONTRIBUTION),1
FRIENDS OF RAYMOND A LOPEZ (RECEPTION SPONSOR),FRIENDS OF RAYMOND A LOPEZ (RECEPTION SPONSOR),1
ALDERMAN ERVIN,ALDERMAN ERVIN,2
SUSAN SADLOWSKI GARZA RE-ELECTION CAMPAIGN,SUSAN SADLOWSKI GARZA RE-ELECTION CAMPAIGN,1
FRIENDS OF GEOGE A. CARDENAS,FRIENDS OF GEOGE A. CARDENAS,1
ALDERMAN ARIEL REBOYRAS,ALDERMAN ARIEL REBOYRAS,2
NICK SPOSATO,NICK SPOSATO,1
ALDERMAN CARRIE M. AUSTIN 34TH WARD DEM. ORG.,ALDERMAN CARRIE M. AUSTIN 34TH WARD DEM. ORG.,1
MELISSA FOR CHICAGO (MELISSA CONYEARS-ERVIN CAMPAIGN FOR CITY TREASURER),MELISSA FOR CHICAGO (MELISSA CONYEARS-ERVIN CAMPAIGN FOR CITY TREASURER),1
ALDERMAN CARRIE AUSTIN/34TH WARD,ALDERMAN CARRIE AUSTIN/34TH WARD,1
ALDERMAN JASON C. ERVIN,ALDERMAN JASON C. ERVIN,1
POLITICAL DONATION - SUMMER RECEPTION FOR ALDERMAN TUNNEY ON 8/24,POLITICAL DONATION - SUMMER RECEPTION FOR ALDERMAN TUNNEY ON 8/24,1
CITIZENS FOR S COLEMAN,CITIZENS FOR S COLEMAN,1
CITIZENS TO ELECT MITTS,CITIZENS TO ELECT MITTS,1
BRENDEN REILLY,BRENDEN REILLY,1
"CITIZENS FOR PAT DOWELL (FROM NEAL & LEROY, LLC)","CITIZENS FOR PAT DOWELL (FROM NEAL & LEROY, LLC)",1
FRIENDS OF GILL VILLEGAS,FRIENDS OF GILL VILLEGAS,1
JOHN CAPPLEMAN,JOHN CAPPLEMAN,1
COMMITTE FOR MICHAEL SCOTT JR,COMMITTE FOR MICHAEL SCOTT JR,1
ALDERMAN ED. BURKE,ALDERMAN ED. BURKE,1
CITIZENS TO ELECT DERRICK CURTIS,CITIZENS TO ELECT DERRICK CURTIS,1
COMMITTEE TO ELECT MATT O'SHEA,COMMITTEE TO ELECT MATT O'SHEA,1
JAMES CAPPLEMAN - 46TH WARD,JAMES CAPPLEMAN - 46TH WARD,1
"CITIZENS TO ELECT ANTHONY BEALE - NEAL & LEROY, LLC","CITIZENS TO ELECT ANTHONY BEALE - NEAL & LEROY, LLC",1
DERRICK CURTIS,DERRICK CURTIS,1
HOWARD BROOKINS JR.,HOWARD BROOKINS JR.,1
FRIENDS OFCARRIE AUSTIN,FRIENDS OFCARRIE AUSTIN,1
COMMITTEE TO ELECT HOWARD B. BROOKINS JR,COMMITTEE TO ELECT HOWARD B. BROOKINS JR,1
BRIAN HOPKINS FOR CHICAGO(ALD) (FUNDRAISER),BRIAN HOPKINS FOR CHICAGO(ALD) (FUNDRAISER),1
DEB SILVERSTEIN,DEB SILVERSTEIN,1
CITIZENS FOR CARDONA,CITIZENS FOR CARDONA,1
"COMMITTEE TO ELECT HOWARD B. BROOKINS, JR.","COMMITTEE TO ELECT HOWARD B. BROOKINS, JR.",3
HOPKINS FOR CHICAGO (BRIAN HOPIKINS - CANDIDATE),HOPKINS FOR CHICAGO (BRIAN HOPIKINS - CANDIDATE),1
CITIZENS TO ELECT BEALE,CITIZENS TO ELECT BEALE,2
EDWARD M.BURKE,EDWARD M.BURKE,1
COMMITTEE TO ELECT HOWARD B BROOKINS JR (ALD) (GENERAL CAMPAIGN CONTRIBUTION),COMMITTEE TO ELECT HOWARD B BROOKINS JR (ALD) (GENERAL CAMPAIGN CONTRIBUTION),1
ALDERMAN WAGUESPACK,ALDERMAN WAGUESPACK,2
CITIZENS FOR BRENDAN REILLY (GENERAL CONTRIBUTION),CITIZENS FOR BRENDAN REILLY (GENERAL CONTRIBUTION),1
FRIEDNS OF ED BURKE,FRIEDNS OF ED BURKE,1
FRIE3NDS VOF SILVERSTEIN,FRIE3NDS VOF SILVERSTEIN,1
ALD. ANTHONY BEALE,ALD. ANTHONY BEALE,1
ALDERMAN SCOTT WAHUESPACK,ALDERMAN SCOTT WAHUESPACK,1
CTIIZENS TO ELECT DAVID MOORE,CTIIZENS TO ELECT DAVID MOORE,1
CITIZENS FOR JOE MOORE (49TH WARD ALD) RECEPTION ON 10/19/15,CITIZENS FOR JOE MOORE (49TH WARD ALD) RECEPTION ON 10/19/15,1
MELLISSA CONYEARS-ERVIN,MELLISSA CONYEARS-ERVIN,1
ALDERMAN MICHELLE HARRIS,ALDERMAN MICHELLE HARRIS,2
REBOYRAS FOR CHICAGO,REBOYRAS FOR CHICAGO,1
ALD. RAY LOPEZ,ALD. RAY LOPEZ,1
REILLY FOR CHICAGO,REILLY FOR CHICAGO,2
CITIZENS TO ELECT  ANTHONY BEALE,CITIZENS TO ELECT  ANTHONY BEALE,1
FRIENDS FOR PATRICK D. THOMPSON,FRIENDS FOR PATRICK D. THOMPSON,1
28TH WARD DEMOCRATIC WARD REGULAR DEMOCRATIC ORGANIZATION (ERVIN),28TH WARD DEMOCRATIC WARD REGULAR DEMOCRATIC ORGANIZATION (ERVIN),1
CITIZENS FOR RAY LOPEZ,CITIZENS FOR RAY LOPEZ,1
ALDERMAN CURTIS,ALDERMAN CURTIS,1
MICHAEL D. RODRIGUEZ,MICHAEL D. RODRIGUEZ,1
BYRON SIGCHO LOPEZ 25TH WARD ALDERMAN-CHICAGO,BYRON SIGCHO LOPEZ 25TH WARD ALDERMAN-CHICAGO,1
FRIENDS FOR ALDERMAN AUSTIN,FRIENDS FOR ALDERMAN AUSTIN,1
FRIENDS OF SADLOWSKI GARZA,FRIENDS OF SADLOWSKI GARZA,1
8TH WARD REGULAR DEM. ORGANIZATION (ALD. M. HARRIS) 46TH ANNUAL DINNER DANCE,8TH WARD REGULAR DEM. ORGANIZATION (ALD. M. HARRIS) 46TH ANNUAL DINNER DANCE,1
ALD. BURNETT,ALD. BURNETT,1
FRIENDS OF DERRICK CURTIS,FRIENDS OF DERRICK CURTIS,1
FRIENDS OF ALDERMAN GEORGE CARDENAS,FRIENDS OF ALDERMAN GEORGE CARDENAS,1
COMMITTE TO ELECT HOWARD BROOKINS JR.,COMMITTE TO ELECT HOWARD BROOKINS JR.,1
ALDERMAN BRENDAN REILLY - CLUB 42,ALDERMAN BRENDAN REILLY - CLUB 42,1
49TH WARD CITIZEN SERVICES (ALDERMAN JOE MOORE),49TH WARD CITIZEN SERVICES (ALDERMAN JOE MOORE),1
CITIZENS FOR CARRIE AUSTIN CARRIE AUSTIN,CITIZENS FOR CARRIE AUSTIN CARRIE AUSTIN,1
FRIENDS OF  ED BURKE,FRIENDS OF  ED BURKE,1
CITIZENS FOR RAYMOND LOPEZ,CITIZENS FOR RAYMOND LOPEZ,1
FRIENDS OF D. SILVERSTEIN,FRIENDS OF D. SILVERSTEIN,1
ALDERMAN NICK SPOSATO,ALDERMAN NICK SPOSATO,1
CITIZENS FOR LOPEZ,CITIZENS FOR LOPEZ,1
"LESLIE HAIRSTON, ALDERMAN","LESLIE HAIRSTON, ALDERMAN",1
25TH WARD ALDERMAN BYRON SIGCHO LOPEZ,25TH WARD ALDERMAN BYRON SIGCHO LOPEZ,1
ALDERMAN BEALE,ALDERMAN BEALE,3
FRIENDS OF ALDERMAN SOPHIA KING,FRIENDS OF ALDERMAN SOPHIA KING,1
FRIENDS OF MICHELLE SMITH (GENERAL CONTRIBUTION),FRIENDS OF MICHELLE SMITH (GENERAL CONTRIBUTION),1
ALDERMAN MICHELLE SMITH,ALDERMAN MICHELLE SMITH,1
ALD PATRICK THOMPSON,ALD PATRICK THOMPSON,1
GILBERT VILLEGAS FOR 36TH WARD ALDERMAN,GILBERT VILLEGAS FOR 36TH WARD ALDERMAN,1
CITIZENS FOR CARRIE AUSTING,CITIZENS FOR CARRIE AUSTING,1
FRIENDS OF TONY BEALE,FRIENDS OF TONY BEALE,1
ALDERWOMAN SUE SADLOWSKI GARZA,ALDERWOMAN SUE SADLOWSKI GARZA,1
CITIZENS TO ELECT ANOTHONY BEALE,CITIZENS TO ELECT ANOTHONY BEALE,1
SOPHIA KING,SOPHIA KING,1
CITIZENS TO ELECT SUSAN SADLOWSKI GARZA,CITIZENS TO ELECT SUSAN SADLOWSKI GARZA,2
FRIENDS OF JOANNA THOMPSON,FRIENDS OF JOANNA THOMPSON,1
ALD CARDENAS  (GOLD HOLE S...),ALD CARDENAS  (GOLD HOLE S...),1
ALDERMAN BURNETT,ALDERMAN BURNETT,1
CARRIE MOORE,CARRIE MOORE,1
JOANN THOMPSON,JOANN THOMPSON,1
CITIZENS FOR BURNETT,CITIZENS FOR BURNETT,1
ALDERMAN ALDERMAN P. THOMPSON,ALDERMAN ALDERMAN P. THOMPSON,1
CITIZENS FOR TUNNEY (GENERAL CONTRIBUTION),CITIZENS FOR TUNNEY (GENERAL CONTRIBUTION),1
ALD SOPHIA KING,ALD SOPHIA KING,1
"ALDERMAN WALTER BURNETT, JR","ALDERMAN WALTER BURNETT, JR",1
FRIENDS OF DAVID MOORE,FRIENDS OF DAVID MOORE,1
CITIZENS TO ELECT FELIX CARDONA,CITIZENS TO ELECT FELIX CARDONA,1
FRIENDS OF PAT THOMPSON,FRIENDS OF PAT THOMPSON,1
CITIZENS FOR LESLIE HAIRSTON,CITIZENS FOR LESLIE HAIRSTON,2
ALD. MICHELLE A HARRIS,ALD. MICHELLE A HARRIS,1
ALDERMAN ANDRE VASQUEZ,ALDERMAN ANDRE VASQUEZ,1
SADLOWSKI GARZA,SADLOWSKI GARZA,1
FRIEND TO ELECT MICHELE SMITH,FRIEND TO ELECT MICHELE SMITH,1
ARIEL REBOYRAS,ARIEL REBOYRAS,1
FELIX CARDONA,FELIX CARDONA,1
FRIENDS OF ALDERMAN PATRICK D. THOMPSON,FRIENDS OF ALDERMAN PATRICK D. THOMPSON,1
CITIZENS FOR CARRIE M AUSTIN ALDERMAN -  34TH WARD,CITIZENS FOR CARRIE M AUSTIN ALDERMAN -  34TH WARD,1
CITIZENS FOR HOPKINS - ALDERMAN BRIAN HOPKINS - 2ND WARD,CITIZENS FOR HOPKINS - ALDERMAN BRIAN HOPKINS - 2ND WARD,1
FRIENS OF MICHELLE A HARRIS (ALD,FRIENS OF MICHELLE A HARRIS (ALD,1
FOOD FOR REILLY FUNDRAISER,FOOD FOR REILLY FUNDRAISER,1
CITIZENS FOR JOE MOORE (RECEPTION SPONSOR),CITIZENS FOR JOE MOORE (RECEPTION SPONSOR),1
STANLEY MOORE,STANLEY MOORE,1
GEORGE A. CARDENAS,GEORGE A. CARDENAS,1
ERVIN JASON,ERVIN JASON,1
"FRIENDS OF PATRICK D. THOMPSON (11TH WARD) (FROM NEAL & LEROY, LLC)","FRIENDS OF PATRICK D. THOMPSON (11TH WARD) (FROM NEAL & LEROY, LLC)",1
CARRIE AUSTIN 34TH WARD DEM ORG,CARRIE AUSTIN 34TH WARD DEM ORG,1
CITIZEN FOR JOE MOORE,CITIZEN FOR JOE MOORE,1
FRIENDS FOR RAYMOND LOPEZ,FRIENDS FOR RAYMOND LOPEZ,1
MELISSA CONYERS-ERVIN,MELISSA CONYERS-ERVIN,1
ALD. RODERICK SAWYER,ALD. RODERICK SAWYER,1
MELISSA ERVIN FOR CITY TREASURER,MELISSA ERVIN FOR CITY TREASURER,1
ALD EDWARD BURKE,ALD EDWARD BURKE,1
FRIENDS FOR RODERICK SAWYER,FRIENDS FOR RODERICK SAWYER,1
"CITIZENS FOR WAGUESPACK (VIA NEAL & LEROY, LLC)","CITIZENS FOR WAGUESPACK (VIA NEAL & LEROY, LLC)",1
FRIENDS FOR MICHELE SMITH,FRIENDS FOR MICHELE SMITH,1
CITIZENS TO ELECT MICHELLE HARRIS,CITIZENS TO ELECT MICHELLE HARRIS,1
ALD GILBERT VILLEGAS,ALD GILBERT VILLEGAS,1
CITIZENS FOR SCOTT WAUGESPACK,CITIZENS FOR SCOTT WAUGESPACK,1
EDWARD BURKE,EDWARD BURKE,1
HOWARD BROOKINS,HOWARD BROOKINS,1
"ALDERMAN, RODRICK SAWYER","ALDERMAN, RODRICK SAWYER",1
REILLY FOR COMMITTEEMAN,REILLY FOR COMMITTEEMAN,1
FRIENDDS OF LESLIE A HAIRSTON,FRIENDDS OF LESLIE A HAIRSTON,1
ALD CHRIS TALIAFERRO,ALD CHRIS TALIAFERRO,1
ALD ED BURKE,ALD ED BURKE,1
CITIZENS TO ELECT DERRICK G CURTIS,CITIZENS TO ELECT DERRICK G CURTIS,1
ALDERMAN MICHAEL SCOTT,ALDERMAN MICHAEL SCOTT,2
FRIENDS OF ALDERMAN WALTER BURNETT,FRIENDS OF ALDERMAN WALTER BURNETT,1
CITIZERNS FOR TUNNEY,CITIZERNS FOR TUNNEY,1
ALD CARRIE AUSTIN,ALD CARRIE AUSTIN,1
FRIENDS OF NUGENT,FRIENDS OF NUGENT,1
EUGENE SAWYER,EUGENE SAWYER,1
ALD DEBRA SILVERSTEIN (FOR FUNDRAISER),ALD DEBRA SILVERSTEIN (FOR FUNDRAISER),1
CITIZENS FOR ALDERMAN SILVERSTEIN,CITIZENS FOR ALDERMAN SILVERSTEIN,1
NEIGHBORS FOR HARRY OSTERMAN(48TH WARD) POLITICAL DONATION -  EVENT ON 8/24/15,NEIGHBORS FOR HARRY OSTERMAN(48TH WARD) POLITICAL DONATION -  EVENT ON 8/24/15,1
FRIENDS FOR (ALD) DEBRA SILVERSTEIN,FRIENDS FOR (ALD) DEBRA SILVERSTEIN,1
ALDERMAN HOWARD B. BROOKINS JR.,ALDERMAN HOWARD B. BROOKINS JR.,1
CITIZENS FOR CARRIE M AUSTIN (ALD.) (RECEPTION SPONSOR),CITIZENS FOR CARRIE M AUSTIN (ALD.) (RECEPTION SPONSOR),1
FRIEDNS OF CARRIE AUSTIN,FRIEDNS OF CARRIE AUSTIN,1
FRIENDS OF P. D. THOMPSON,FRIENDS OF P. D. THOMPSON,1
19TH WARD DEMOCRATIC ORGANIZATION - MATTHEW J. O'SHEA,19TH WARD DEMOCRATIC ORGANIZATION - MATTHEW J. O'SHEA,1
"ALDERMAN PAT DOWELL, 3RD WARD","ALDERMAN PAT DOWELL, 3RD WARD",1
45TH WARD ALDERMAN JAMES GARDINER,45TH WARD ALDERMAN JAMES GARDINER,1
COMMITTEE TO ELECT HOWARD BROOKINS JR,COMMITTEE TO ELECT HOWARD BROOKINS JR,1
FRIENDS  OF RODERICK SAWYER,FRIENDS  OF RODERICK SAWYER,1
LESLIE A. HAIRSTON (HOSTED EVENT AT HOME),LESLIE A. HAIRSTON (HOSTED EVENT AT HOME),1
ALD. EDWARD BURKE,ALD. EDWARD BURKE,1
ALDERMAN GIL VILLEGAS,ALDERMAN GIL VILLEGAS,1
ALDEMAN HOWARD BROOKINS,ALDEMAN HOWARD BROOKINS,1
FRIENDS OF ALDERMAN MOORE,FRIENDS OF ALDERMAN MOORE,1
CITIZENS FOR BROOKINS,CITIZENS FOR BROOKINS,1
FRIENDS OF MICHAEL SCOTT,FRIENDS OF MICHAEL SCOTT,1
COMMITTEE TO RE-ELECT BROOKINS,COMMITTEE TO RE-ELECT BROOKINS,1
FRIENDS OF M. SMITH,FRIENDS OF M. SMITH,1
FRIENDS OF RODERICK T SAWYER (GENERAL CONTRIBUTION),FRIENDS OF RODERICK T SAWYER (GENERAL CONTRIBUTION),1
ALDERMAN CARRIE AUSTIN (MADE FROM FRIENDS OF LUIS ARROYO),ALDERMAN CARRIE AUSTIN (MADE FROM FRIENDS OF LUIS ARROYO),1
ALD. JOE MOORE,ALD. JOE MOORE,1
ALD. MICHAEL SCOTT JR.,ALD. MICHAEL SCOTT JR.,1
44TH WARD DEMOCRATIC ORGANIZATION (ALDERMAN TOM TUNNEY),44TH WARD DEMOCRATIC ORGANIZATION (ALDERMAN TOM TUNNEY),1
FRIENDS OF SAM NUGENT,FRIENDS OF SAM NUGENT,2
CITIZENS FOR ALDERMAN MICHAEL SCOTT JUNIOR,CITIZENS FOR ALDERMAN MICHAEL SCOTT JUNIOR,1
FRIENDS FOR CARRIE AUSTIN,FRIENDS FOR CARRIE AUSTIN,1
CITIZENS FOR TOM TUNNEY (IN KIND CONTRIBUTION),CITIZENS FOR TOM TUNNEY (IN KIND CONTRIBUTION),1
FRIENDS OF PATRICK D THOMPSON (ALD) (GENERAL CAMPAIGN CONTRIBUTION),FRIENDS OF PATRICK D THOMPSON (ALD) (GENERAL CAMPAIGN CONTRIBUTION),1
CITIZENS FOR MICHELLE HARRIS (GENERAL CONTRIBUTION),CITIZENS FOR MICHELLE HARRIS (GENERAL CONTRIBUTION),1
CITRIZENS FOR DOWELL,CITRIZENS FOR DOWELL,1
FRIENDS OF ALDERMAN RAYMOND A. LOPEZ,FRIENDS OF ALDERMAN RAYMOND A. LOPEZ,1
THE BURNHAM COMMITTEE SUMMER RECEIPTION W/EDWARD M. BURKE 8/25/15,THE BURNHAM COMMITTEE SUMMER RECEIPTION W/EDWARD M. BURKE 8/25/15,1
TWELVE PAC - ALDERMAN CARDENAS,TWELVE PAC - ALDERMAN CARDENAS,1
FRIENDS OF MICHELLE A HARRIS,FRIENDS OF MICHELLE A HARRIS,1
FRIENDS OF SOFIA KING,FRIENDS OF SOFIA KING,1
ALD. FELIX CARDONA,ALD. FELIX CARDONA,1
ALD. HOPKINS,ALD. HOPKINS,1
ALD HOWARD BROOKINS,ALD HOWARD BROOKINS,1
ALDERMAN CHRIS TALIAFERRO,ALDERMAN CHRIS TALIAFERRO,1
CITIZENS FOR CARRIE M AUSTIN-ALDERMAN 34TH WARD,CITIZENS FOR CARRIE M AUSTIN-ALDERMAN 34TH WARD,1
ALDERMAN SUE SADLOWSKI GARZA,ALDERMAN SUE SADLOWSKI GARZA,2
FRIENDS OF JEANNETTE B. TAYLOR,FRIENDS OF JEANNETTE B. TAYLOR,1
FRIEND'S OF HAIRSTON,FRIEND'S OF HAIRSTON,1
NEIGHBORS FOR ANDRE VASQUEZ,NEIGHBORS FOR ANDRE VASQUEZ,1
VIRTUAL EVENT WITH ALDERMAN VILLEGAS,VIRTUAL EVENT WITH ALDERMAN VILLEGAS,1
NEIGHBORS FOR ANDRE (ALD. VASQUEZ),NEIGHBORS FOR ANDRE (ALD. VASQUEZ),1
ALD. VILLEGAS (36TH WARD),ALD. VILLEGAS (36TH WARD),1
"CITIZENS FOR MICHAEL SCOTT, JR","CITIZENS FOR MICHAEL SCOTT, JR",1
ALDERMAN STEPHANIE COLEMAN,ALDERMAN STEPHANIE COLEMAN,1
ALDERMAN SILVANA TABARES,ALDERMAN SILVANA TABARES,1
CITIZENS FOR ALD. REILLY,CITIZENS FOR ALD. REILLY,1
CITIZEN FOR PAT DOWELL,CITIZEN FOR PAT DOWELL,1
DANIEL LA SPATA,DANIEL LA SPATA,1
